"cz20","exposure_pp","unemp_rate_pct","bv_quadrant","bv_pvalue","bv_label"
"1",0.820824099612186,4.90950862715679,"HH (high expo, high-unemp neighbors)",0.1001001001001,"Not significant"
"10",1.04369266546202,3.71738729602655,"HH (high expo, high-unemp neighbors)",0.586586586586587,"Not significant"
"100",0.27172459089516,5.46692980035822,"LH (low expo, high-unemp neighbors)",0.870870870870871,"Not significant"
"101",1.00419457266576,4.7715380185774,"HL (high expo, low-unemp neighbors)",0.473473473473473,"Not significant"
"102",0.522460477561116,3.21273184056995,"LH (low expo, high-unemp neighbors)",0.971971971971972,"Not significant"
"103",0.64772486212493,4.62107727024262,"LH (low expo, high-unemp neighbors)",0.87987987987988,"Not significant"
"104",0.926165746023959,5.52576405128619,"HH (high expo, high-unemp neighbors)",0.285285285285285,"Not significant"
"105",0.840798438128193,5.47833197056419,"HH (high expo, high-unemp neighbors)",0.157157157157157,"Not significant"
"106",0.233622543729059,4.40302314820308,"LL (low expo, low-unemp neighbors)",0.492492492492492,"Not significant"
"107",0.416623595689459,4.36754101457946,"LL (low expo, low-unemp neighbors)",0.448448448448448,"Not significant"
"108",0.52244581234797,3.2827637117198,"LL (low expo, low-unemp neighbors)",0.740740740740741,"Not significant"
"109",0.1572642144888,3.89937106918239,"LL (low expo, low-unemp neighbors)",0.696696696696697,"Not significant"
"11",1.04852323519752,7.75935116813945,"HH (high expo, high-unemp neighbors)",0.788788788788789,"Not significant"
"110",0.632177057600836,6.06909603681164,"LL (low expo, low-unemp neighbors)",0.005005005005005,"LL (low expo, low-unemp neighbors)"
"111",0.451222548271079,2.75142659833533,"LL (low expo, low-unemp neighbors)",0.276276276276276,"Not significant"
"112",0.45003939350215,3.40939848841325,"LH (low expo, high-unemp neighbors)",0.852852852852853,"Not significant"
"113",0.821995546399906,3.40346002041092,"HL (high expo, low-unemp neighbors)",0.365365365365365,"Not significant"
"114",0.46021172406322,5.49602696845654,"LL (low expo, low-unemp neighbors)",0.821821821821822,"Not significant"
"115",0.491635164953817,3.55848434925865,"LL (low expo, low-unemp neighbors)",0.288288288288288,"Not significant"
"116",1.25976435074903,2.75825251356882,"HL (high expo, low-unemp neighbors)",0.615615615615616,"Not significant"
"117",0.817594737204857,5.11334734048435,"HL (high expo, low-unemp neighbors)",0.856856856856857,"Not significant"
"118",0.265556827184828,2.9178674351585,"LL (low expo, low-unemp neighbors)",0.413413413413413,"Not significant"
"119",1.27138477167878,2.54028348492543,"HL (high expo, low-unemp neighbors)",0.349349349349349,"Not significant"
"12",2.70398768596699,7.13093056403991,"HH (high expo, high-unemp neighbors)",0.522522522522523,"Not significant"
"120",0.0900457231262306,2.08931835988509,"LL (low expo, low-unemp neighbors)",0.622622622622623,"Not significant"
"121",0.938071392325205,3.9021987494356,"HL (high expo, low-unemp neighbors)",0.437437437437437,"Not significant"
"122",0.7407530861851,5.47195129639136,"LL (low expo, low-unemp neighbors)",0.860860860860861,"Not significant"
"123",0.581347467128484,4.6587763817697,"LH (low expo, high-unemp neighbors)",0.883883883883884,"Not significant"
"124",1.19908274534953,6.33563002914019,"HL (high expo, low-unemp neighbors)",0.605605605605606,"Not significant"
"125",0.864896678860426,5.2840873058802,"HH (high expo, high-unemp neighbors)",0.369369369369369,"Not significant"
"126",0.324896241975117,5.53245333681847,"LL (low expo, low-unemp neighbors)",0.752752752752753,"Not significant"
"127",0.628468188783496,3.85995182534124,"LH (low expo, high-unemp neighbors)",0.46046046046046,"Not significant"
"128",1.17734916478587,5.09056685934219,"HL (high expo, low-unemp neighbors)",0.776776776776777,"Not significant"
"129",1.07527525270588,4.88660726249497,"HL (high expo, low-unemp neighbors)",0.621621621621622,"Not significant"
"13",0.11165463367571,9.17936380646886,"LH (low expo, high-unemp neighbors)",0.0920920920920921,"Not significant"
"130",0.901322206864787,4.4784618476586,"HH (high expo, high-unemp neighbors)",0.94994994994995,"Not significant"
"131",1.15721832785203,5.22638908251623,"HH (high expo, high-unemp neighbors)",0.724724724724725,"Not significant"
"132",0.542968236152225,6.00155050259831,"LH (low expo, high-unemp neighbors)",0.594594594594595,"Not significant"
"133",1.06388394037175,3.94281414597442,"HL (high expo, low-unemp neighbors)",0.923923923923924,"Not significant"
"134",0.324914114726246,5.63089241895906,"LL (low expo, low-unemp neighbors)",0.781781781781782,"Not significant"
"135",1.37144516923808,3.79957537154989,"HL (high expo, low-unemp neighbors)",0.487487487487487,"Not significant"
"136",0.947795693123571,4.46611478100817,"HH (high expo, high-unemp neighbors)",0.937937937937938,"Not significant"
"137",1.07137978592914,5.01183838692431,"HH (high expo, high-unemp neighbors)",0.792792792792793,"Not significant"
"138",1.23136491766932,3.62474938219798,"HL (high expo, low-unemp neighbors)",0.329329329329329,"Not significant"
"139",1.00130315926408,3.69698291303874,"HH (high expo, high-unemp neighbors)",0.696696696696697,"Not significant"
"14",0.46433827132758,5.87174605816611,"LH (low expo, high-unemp neighbors)",0.03003003003003,"LH (low expo, high-unemp neighbors)"
"140",0.53246071230541,4.07505635349813,"LL (low expo, low-unemp neighbors)",0.975975975975976,"Not significant"
"141",1.36034527729389,3.78112890885307,"HH (high expo, high-unemp neighbors)",0.866866866866867,"Not significant"
"142",1.31513183633389,3.46721208757765,"HH (high expo, high-unemp neighbors)",0.917917917917918,"Not significant"
"143",1.41273220258494,4.20950655494326,"HH (high expo, high-unemp neighbors)",0.423423423423423,"Not significant"
"144",2.02998469057122,3.57424892703863,"HL (high expo, low-unemp neighbors)",0.398398398398398,"Not significant"
"145",0.931392615568769,6.02075215621032,"HL (high expo, low-unemp neighbors)",0.791791791791792,"Not significant"
"146",0.56891651008611,4.14448891529081,"LL (low expo, low-unemp neighbors)",0.762762762762763,"Not significant"
"147",1.67713159728785,4.50633893292609,"HH (high expo, high-unemp neighbors)",0.863863863863864,"Not significant"
"148",0.745943791650376,4.35663981266274,"HL (high expo, low-unemp neighbors)",0.672672672672673,"Not significant"
"149",1.55917770015591,3.61823951434879,"HL (high expo, low-unemp neighbors)",0.377377377377377,"Not significant"
"15",0.357751180233704,5.21229671032695,"LH (low expo, high-unemp neighbors)",0.0710710710710711,"Not significant"
"150",1.66220122711116,2.99162148841794,"HL (high expo, low-unemp neighbors)",0.503503503503503,"Not significant"
"151",1.76591573357814,4.65701308651228,"HH (high expo, high-unemp neighbors)",0.627627627627628,"Not significant"
"152",1.18892044569704,5.02965599051008,"HL (high expo, low-unemp neighbors)",0.888888888888889,"Not significant"
"153",0.818373891918542,4.88863556646791,"HL (high expo, low-unemp neighbors)",0.407407407407407,"Not significant"
"154",0.842977085023558,5.620096355763,"HH (high expo, high-unemp neighbors)",0.818818818818819,"Not significant"
"155",0.382574847708156,4.04254288206222,"LL (low expo, low-unemp neighbors)",0.051051051051051,"Not significant"
"156",1.54078320527295,3.65378427657216,"HL (high expo, low-unemp neighbors)",0.025025025025025,"HL (high expo, low-unemp neighbors)"
"157",1.23117480289962,2.88759023719491,"HL (high expo, low-unemp neighbors)",0.041041041041041,"HL (high expo, low-unemp neighbors)"
"158",1.99756146383702,3.59618029838112,"HL (high expo, low-unemp neighbors)",0.225225225225225,"Not significant"
"159",1.61803654788346,1.97313182199832,"HL (high expo, low-unemp neighbors)",0.236236236236236,"Not significant"
"16",0.379551960150264,4.70581621223802,"LH (low expo, high-unemp neighbors)",0.001001001001001,"LH (low expo, high-unemp neighbors)"
"160",1.01491566221379,3.47699937585398,"HL (high expo, low-unemp neighbors)",0.312312312312312,"Not significant"
"161",1.32625416264665,4.14693966783492,"HL (high expo, low-unemp neighbors)",0.029029029029029,"HL (high expo, low-unemp neighbors)"
"162",0.908574955815073,3.90749945969311,"HL (high expo, low-unemp neighbors)",0.0860860860860861,"Not significant"
"163",2.11199125742115,3.97463866921189,"HL (high expo, low-unemp neighbors)",0.026026026026026,"HL (high expo, low-unemp neighbors)"
"164",1.2335809679595,3.20421124907021,"HL (high expo, low-unemp neighbors)",0.0730730730730731,"Not significant"
"165",1.42556844552793,3.12846304662859,"HL (high expo, low-unemp neighbors)",0.04004004004004,"HL (high expo, low-unemp neighbors)"
"166",1.69776852721505,2.01943312586755,"HL (high expo, low-unemp neighbors)",0.0690690690690691,"Not significant"
"167",2.56693004242154,3.40180133480205,"HL (high expo, low-unemp neighbors)",0.161161161161161,"Not significant"
"168",1.1116765165905,2.86153736094717,"HL (high expo, low-unemp neighbors)",0.0830830830830831,"Not significant"
"169",1.92259286525049,3.1018206338503,"HL (high expo, low-unemp neighbors)",0.201201201201201,"Not significant"
"17",0.219655428340893,6.29543991799957,"LH (low expo, high-unemp neighbors)",0.039039039039039,"LH (low expo, high-unemp neighbors)"
"170",0.490728291434874,3.33370744550688,"LL (low expo, low-unemp neighbors)",0.011011011011011,"LL (low expo, low-unemp neighbors)"
"171",1.60255026516104,2.15817321080479,"HL (high expo, low-unemp neighbors)",0.0760760760760761,"Not significant"
"172",1.2864205599021,3.94432277016016,"HL (high expo, low-unemp neighbors)",0.00900900900900901,"HL (high expo, low-unemp neighbors)"
"173",1.59520574320164,4.38332439899386,"HL (high expo, low-unemp neighbors)",0.4004004004004,"Not significant"
"174",0.488787399973652,4.01437734287215,"LL (low expo, low-unemp neighbors)",0.152152152152152,"Not significant"
"175",1.25668149955628,4.0548417652345,"HL (high expo, low-unemp neighbors)",0.048048048048048,"HL (high expo, low-unemp neighbors)"
"176",0.519334357018089,3.18061775175106,"LL (low expo, low-unemp neighbors)",0.38038038038038,"Not significant"
"177",0.589895804732472,2.85419532324622,"LL (low expo, low-unemp neighbors)",0.03003003003003,"LL (low expo, low-unemp neighbors)"
"178",1.0868767613029,4.08121128699243,"HL (high expo, low-unemp neighbors)",0.397397397397397,"Not significant"
"179",1.60634242032255,3.30358967372795,"HL (high expo, low-unemp neighbors)",0.0700700700700701,"Not significant"
"18",0.427586605481817,6.59922469663609,"LH (low expo, high-unemp neighbors)",0.01001001001001,"LH (low expo, high-unemp neighbors)"
"180",1.02776816242214,4.94036665781884,"HL (high expo, low-unemp neighbors)",0.269269269269269,"Not significant"
"181",1.35748983317252,2.98160696999032,"HL (high expo, low-unemp neighbors)",0.328328328328328,"Not significant"
"182",0.800842318712446,4.00239071742132,"HL (high expo, low-unemp neighbors)",0.85985985985986,"Not significant"
"183",0.629836585027887,1.46561443066516,"LL (low expo, low-unemp neighbors)",0.005005005005005,"LL (low expo, low-unemp neighbors)"
"184",2.09095579174015,4.16966515683867,"HL (high expo, low-unemp neighbors)",0.0680680680680681,"Not significant"
"185",0.551915325476209,3.4055213909658,"LL (low expo, low-unemp neighbors)",0.0660660660660661,"Not significant"
"186",1.23829512715813,2.37577966220478,"HL (high expo, low-unemp neighbors)",0.014014014014014,"HL (high expo, low-unemp neighbors)"
"187",0.87618415635539,2.41379310344828,"HL (high expo, low-unemp neighbors)",0.002002002002002,"HL (high expo, low-unemp neighbors)"
"188",0.514362108255227,4.09211425006588,"LL (low expo, low-unemp neighbors)",0.141141141141141,"Not significant"
"189",0.379188275316415,2.94020603438795,"LL (low expo, low-unemp neighbors)",0.004004004004004,"LL (low expo, low-unemp neighbors)"
"19",0.264463589940578,9.85875203417413,"LH (low expo, high-unemp neighbors)",0.16016016016016,"Not significant"
"190",0.976061028987873,3.42742497283139,"HL (high expo, low-unemp neighbors)",0.017017017017017,"HL (high expo, low-unemp neighbors)"
"191",1.42642913120869,4.33197512331117,"HL (high expo, low-unemp neighbors)",0.00900900900900901,"HL (high expo, low-unemp neighbors)"
"192",0.305445229755019,0.964974982130093,"LL (low expo, low-unemp neighbors)",0.00700700700700701,"LL (low expo, low-unemp neighbors)"
"193",1.37854618478361,3.45867281303602,"HL (high expo, low-unemp neighbors)",0.0770770770770771,"Not significant"
"194",0.357016516190746,3.63389269676199,"LL (low expo, low-unemp neighbors)",0.311311311311311,"Not significant"
"195",0.653425066192002,1.14078299196267,"LL (low expo, low-unemp neighbors)",0.00900900900900901,"LL (low expo, low-unemp neighbors)"
"196",0.866408844393218,0.920245398773006,"HL (high expo, low-unemp neighbors)",0.016016016016016,"HL (high expo, low-unemp neighbors)"
"197",0.449243854168678,3.29883570504528,"LL (low expo, low-unemp neighbors)",0.113113113113113,"Not significant"
"198",0.190027589827878,0.538876058506544,"LL (low expo, low-unemp neighbors)",0.00900900900900901,"LL (low expo, low-unemp neighbors)"
"199",2.02621971258127,5.02094981852833,"HH (high expo, high-unemp neighbors)",0.576576576576577,"Not significant"
"2",0.628453846022138,4.86497189299227,"LH (low expo, high-unemp neighbors)",0.039039039039039,"LH (low expo, high-unemp neighbors)"
"20",1.44243729928404,9.31709899417681,"HH (high expo, high-unemp neighbors)",0.015015015015015,"HH (high expo, high-unemp neighbors)"
"200",1.44213350861823,4.72898605352431,"HH (high expo, high-unemp neighbors)",0.992992992992993,"Not significant"
"201",0.811042717088677,4.63367318918249,"HH (high expo, high-unemp neighbors)",0.467467467467467,"Not significant"
"202",1.57316147644724,4.72288638744862,"HH (high expo, high-unemp neighbors)",0.988988988988989,"Not significant"
"203",1.71565524051642,5.00650640367098,"HH (high expo, high-unemp neighbors)",0.039039039039039,"HH (high expo, high-unemp neighbors)"
"204",1.63494616098047,6.81166543786352,"HH (high expo, high-unemp neighbors)",0.01001001001001,"HH (high expo, high-unemp neighbors)"
"205",0.655005794084393,4.37645243028335,"LH (low expo, high-unemp neighbors)",0.98998998998999,"Not significant"
"206",0.502273100834291,5.21623845661516,"LH (low expo, high-unemp neighbors)",0.114114114114114,"Not significant"
"207",1.49423124883402,5.97483505432783,"HH (high expo, high-unemp neighbors)",0.603603603603604,"Not significant"
"208",1.09296072968219,6.20884289746002,"HH (high expo, high-unemp neighbors)",0.716716716716717,"Not significant"
"209",0.0783240024274011,7.59120397674615,"LH (low expo, high-unemp neighbors)",0.001001001001001,"LH (low expo, high-unemp neighbors)"
"21",1.22522162108833,6.09912965035666,"HH (high expo, high-unemp neighbors)",0.002002002002002,"HH (high expo, high-unemp neighbors)"
"210",1.18320011628069,5.27954472818747,"HL (high expo, low-unemp neighbors)",0.81981981981982,"Not significant"
"211",1.61755383687991,4.30510280842528,"HL (high expo, low-unemp neighbors)",0.88988988988989,"Not significant"
"212",0.859916027939961,5.05574708428079,"HL (high expo, low-unemp neighbors)",0.464464464464464,"Not significant"
"213",0.885377847985735,5.51367247794369,"HH (high expo, high-unemp neighbors)",0.13013013013013,"Not significant"
"214",1.1161695466905,4.81184454040716,"HH (high expo, high-unemp neighbors)",0.658658658658659,"Not significant"
"215",1.40710351594759,4.64313404233532,"HL (high expo, low-unemp neighbors)",0.821821821821822,"Not significant"
"216",0.185905466549087,7.45775525346848,"LH (low expo, high-unemp neighbors)",0.04004004004004,"LH (low expo, high-unemp neighbors)"
"217",0.156962182259906,11.0310887048374,"LH (low expo, high-unemp neighbors)",0.016016016016016,"LH (low expo, high-unemp neighbors)"
"218",0.536165177932118,5.74883511307218,"LH (low expo, high-unemp neighbors)",0.118118118118118,"Not significant"
"219",0.817834028003604,6.1713474954575,"HH (high expo, high-unemp neighbors)",0.027027027027027,"HH (high expo, high-unemp neighbors)"
"22",0.991800968207555,5.83083477986429,"HH (high expo, high-unemp neighbors)",0.968968968968969,"Not significant"
"220",0.402751991507009,6.2537120827619,"LH (low expo, high-unemp neighbors)",0.0630630630630631,"Not significant"
"221",0.675326177540927,5.10923442608322,"LH (low expo, high-unemp neighbors)",0.0880880880880881,"Not significant"
"222",0.46749030608435,5.37453224500514,"LH (low expo, high-unemp neighbors)",0.003003003003003,"LH (low expo, high-unemp neighbors)"
"223",0.483116891799849,6.45816281558899,"LH (low expo, high-unemp neighbors)",0.029029029029029,"LH (low expo, high-unemp neighbors)"
"224",0.553904871634661,6.73380065871744,"LH (low expo, high-unemp neighbors)",0.15015015015015,"Not significant"
"225",0.608396188796346,7.25087798934467,"LH (low expo, high-unemp neighbors)",0.00600600600600601,"LH (low expo, high-unemp neighbors)"
"226",0.414369880835951,6.70851681813923,"LH (low expo, high-unemp neighbors)",0.0620620620620621,"Not significant"
"227",0.907009878047693,8.33804729041747,"HH (high expo, high-unemp neighbors)",0.01001001001001,"HH (high expo, high-unemp neighbors)"
"228",0.567786244796861,3.74379058797032,"LL (low expo, low-unemp neighbors)",0.447447447447447,"Not significant"
"229",0.777691534947883,5.35256620884537,"HL (high expo, low-unemp neighbors)",0.575575575575576,"Not significant"
"23",0.711519766048712,3.78345864661654,"LH (low expo, high-unemp neighbors)",0.952952952952953,"Not significant"
"230",0.314277510431541,4.2594407879382,"LL (low expo, low-unemp neighbors)",0.941941941941942,"Not significant"
"231",0.822946490275784,5.54379716533594,"HH (high expo, high-unemp neighbors)",0.355355355355355,"Not significant"
"232",0.271973158179807,4.62993953934227,"LH (low expo, high-unemp neighbors)",0.855855855855856,"Not significant"
"233",0.331514420018486,4.43043564662501,"LL (low expo, low-unemp neighbors)",0.865865865865866,"Not significant"
"234",0.369259205103256,4.997092440058,"LH (low expo, high-unemp neighbors)",0.767767767767768,"Not significant"
"235",0.452745847066996,5.31000256296745,"LL (low expo, low-unemp neighbors)",0.978978978978979,"Not significant"
"236",0.521228821523774,5.64032395661375,"LH (low expo, high-unemp neighbors)",0.514514514514514,"Not significant"
"237",0.129625665767482,6.74128503075872,"LH (low expo, high-unemp neighbors)",1,"Not significant"
"238",0.499752147922175,5.81213909042244,"LH (low expo, high-unemp neighbors)",0.72972972972973,"Not significant"
"239",0,5.2919283554315,"LH (low expo, high-unemp neighbors)",1,"Not significant"
"24",1.2022456311336,3.92926701085108,"HH (high expo, high-unemp neighbors)",0.874874874874875,"Not significant"
"240",1.03543477540113,6.76137610938627,"HH (high expo, high-unemp neighbors)",0.419419419419419,"Not significant"
"241",0.563889177522298,5.14622000905387,"LH (low expo, high-unemp neighbors)",0.213213213213213,"Not significant"
"242",1.29597827096518,4.35128039187831,"HH (high expo, high-unemp neighbors)",0.166166166166166,"Not significant"
"243",0.601714326582981,3.80227280406357,"LH (low expo, high-unemp neighbors)",0.328328328328328,"Not significant"
"244",0.926855728814712,5.69482062904207,"HH (high expo, high-unemp neighbors)",0.0960960960960961,"Not significant"
"245",0.734283249556116,5.71596935769004,"LH (low expo, high-unemp neighbors)",0.477477477477477,"Not significant"
"246",1.26654100794057,5.70244870537541,"HH (high expo, high-unemp neighbors)",0.800800800800801,"Not significant"
"247",0.936926582188407,4.55153309771707,"HH (high expo, high-unemp neighbors)",0.351351351351351,"Not significant"
"248",0.35259621304548,7.11313062680482,"LH (low expo, high-unemp neighbors)",0.700700700700701,"Not significant"
"249",0.670195429828564,5.34219070403281,"LH (low expo, high-unemp neighbors)",0.232232232232232,"Not significant"
"25",1.62548031019049,4.98813123922869,"HH (high expo, high-unemp neighbors)",0.174174174174174,"Not significant"
"250",0.74972141164471,5.89770974249436,"HH (high expo, high-unemp neighbors)",0.31031031031031,"Not significant"
"251",1.65104968282754,4.45143437319584,"HL (high expo, low-unemp neighbors)",0.918918918918919,"Not significant"
"252",0.753503219214862,6.3776716604382,"HH (high expo, high-unemp neighbors)",0.243243243243243,"Not significant"
"253",0.822208563971264,6.02727672679278,"HL (high expo, low-unemp neighbors)",0.5995995995996,"Not significant"
"254",1.27377238088897,5.46625610892963,"HH (high expo, high-unemp neighbors)",0.234234234234234,"Not significant"
"255",1.57983826041393,5.95360635247408,"HH (high expo, high-unemp neighbors)",0.592592592592593,"Not significant"
"256",1.28997961212145,5.34052767982326,"HH (high expo, high-unemp neighbors)",0.933933933933934,"Not significant"
"257",0.4955060690531,5.34037299942683,"LL (low expo, low-unemp neighbors)",0.147147147147147,"Not significant"
"258",0.586787849269022,3.97827290426518,"LL (low expo, low-unemp neighbors)",0.173173173173173,"Not significant"
"259",0.573766198156522,3.36654923308498,"LL (low expo, low-unemp neighbors)",0.0870870870870871,"Not significant"
"26",0.902357658714759,5.28505277566865,"HH (high expo, high-unemp neighbors)",0.688688688688689,"Not significant"
"260",0.866776139253605,3.90933897644373,"HL (high expo, low-unemp neighbors)",0.243243243243243,"Not significant"
"261",1.04305968760902,3.81310113254795,"HL (high expo, low-unemp neighbors)",0.037037037037037,"HL (high expo, low-unemp neighbors)"
"262",1.19914921333235,3.71079239961217,"HL (high expo, low-unemp neighbors)",0.047047047047047,"HL (high expo, low-unemp neighbors)"
"263",0.424299349179052,4.37137101552317,"LL (low expo, low-unemp neighbors)",0.314314314314314,"Not significant"
"264",0.94069534375641,3.23307238016756,"HL (high expo, low-unemp neighbors)",0.027027027027027,"HL (high expo, low-unemp neighbors)"
"265",0,2.44556113902848,"LL (low expo, low-unemp neighbors)",0.863863863863864,"Not significant"
"266",1.61474734095739,3.28645035510375,"HL (high expo, low-unemp neighbors)",0.018018018018018,"HL (high expo, low-unemp neighbors)"
"267",0.585877374019809,3.38783562376701,"LL (low expo, low-unemp neighbors)",0.033033033033033,"LL (low expo, low-unemp neighbors)"
"268",1.2288478362675,3.91048661155431,"HL (high expo, low-unemp neighbors)",0.341341341341341,"Not significant"
"269",0.87373882895061,2.99037525338781,"HL (high expo, low-unemp neighbors)",0.015015015015015,"HL (high expo, low-unemp neighbors)"
"27",1.0440912357908,6.269202565602,"HH (high expo, high-unemp neighbors)",0.023023023023023,"HH (high expo, high-unemp neighbors)"
"270",1.19939955972358,2.85276815214763,"HL (high expo, low-unemp neighbors)",0.0700700700700701,"Not significant"
"271",0,4.15615009254585,"LL (low expo, low-unemp neighbors)",0.860860860860861,"Not significant"
"272",2.72134893811537,3.72774663125799,"HL (high expo, low-unemp neighbors)",0.288288288288288,"Not significant"
"273",1.18476843064924,2.49157298706474,"HL (high expo, low-unemp neighbors)",0.255255255255255,"Not significant"
"274",0.639060289790379,2.80631745332521,"LL (low expo, low-unemp neighbors)",0.0560560560560561,"Not significant"
"275",0.582336146015296,2.1121355976801,"LL (low expo, low-unemp neighbors)",0.011011011011011,"LL (low expo, low-unemp neighbors)"
"276",1.09628158187181,3.21097181576818,"HL (high expo, low-unemp neighbors)",0.144144144144144,"Not significant"
"277",1.69616208593196,4.47567453011378,"HH (high expo, high-unemp neighbors)",0.022022022022022,"HH (high expo, high-unemp neighbors)"
"278",1.04183114257512,5.84264292968517,"HH (high expo, high-unemp neighbors)",0.033033033033033,"HH (high expo, high-unemp neighbors)"
"279",0.463192685373643,5.96539981713595,"LH (low expo, high-unemp neighbors)",0.005005005005005,"LH (low expo, high-unemp neighbors)"
"28",0.844483079202277,5.61528635299127,"HH (high expo, high-unemp neighbors)",0.628628628628629,"Not significant"
"280",0.630796412765565,9.50129460767759,"LH (low expo, high-unemp neighbors)",0.001001001001001,"LH (low expo, high-unemp neighbors)"
"281",1.23848784301532,7.07784934192103,"HH (high expo, high-unemp neighbors)",0.024024024024024,"HH (high expo, high-unemp neighbors)"
"282",0.919163045434539,6.47460531782302,"HH (high expo, high-unemp neighbors)",0.034034034034034,"HH (high expo, high-unemp neighbors)"
"283",0.610482624394049,6.00914327210312,"LH (low expo, high-unemp neighbors)",0.00700700700700701,"LH (low expo, high-unemp neighbors)"
"284",0.914195933524776,5.52890494196437,"HH (high expo, high-unemp neighbors)",0.047047047047047,"HH (high expo, high-unemp neighbors)"
"285",0.608712636380402,7.15724767375395,"LH (low expo, high-unemp neighbors)",0.292292292292292,"Not significant"
"286",0.839419142232929,3.98904058697873,"HL (high expo, low-unemp neighbors)",0.0730730730730731,"Not significant"
"287",0.989761501409086,3.37504512092408,"HL (high expo, low-unemp neighbors)",0.0610610610610611,"Not significant"
"288",0.479507262595505,3.71540706450639,"LL (low expo, low-unemp neighbors)",0.247247247247247,"Not significant"
"289",0.53917872086738,3.98968788326283,"LL (low expo, low-unemp neighbors)",0.505505505505506,"Not significant"
"29",1.53190042081228,4.19574609504819,"HH (high expo, high-unemp neighbors)",0.244244244244244,"Not significant"
"290",1.08800705955503,4.00657014235308,"HL (high expo, low-unemp neighbors)",0.217217217217217,"Not significant"
"291",0.913325579268973,3.40753612767275,"HH (high expo, high-unemp neighbors)",0.379379379379379,"Not significant"
"292",0.715116226569808,5.09660681368198,"LH (low expo, high-unemp neighbors)",0.31031031031031,"Not significant"
"293",0.430947536413723,4.60205739036275,"LL (low expo, low-unemp neighbors)",0.425425425425425,"Not significant"
"294",0.954012428792085,3.29432386451513,"HL (high expo, low-unemp neighbors)",0.124124124124124,"Not significant"
"295",1.1152392011367,3.32850940665702,"HL (high expo, low-unemp neighbors)",0.439439439439439,"Not significant"
"296",0.570109922377698,2.59669793039299,"LL (low expo, low-unemp neighbors)",0.112112112112112,"Not significant"
"297",0.714172236517814,4.23494776333273,"LL (low expo, low-unemp neighbors)",0.668668668668669,"Not significant"
"298",0.910891559370361,4.62389671979976,"HH (high expo, high-unemp neighbors)",0.451451451451451,"Not significant"
"299",1.07942724307908,2.75540483255617,"HL (high expo, low-unemp neighbors)",0.146146146146146,"Not significant"
"3",1.07001638762903,5.10989174842692,"HH (high expo, high-unemp neighbors)",0.166166166166166,"Not significant"
"30",0.359441358548706,4.39689390120968,"LH (low expo, high-unemp neighbors)",0.043043043043043,"LH (low expo, high-unemp neighbors)"
"300",0.709670117933188,5.04492636130253,"LL (low expo, low-unemp neighbors)",0.815815815815816,"Not significant"
"301",0.862061481492297,3.34192334437763,"HL (high expo, low-unemp neighbors)",0.246246246246246,"Not significant"
"302",0.0953110229324072,2.73212379935966,"LL (low expo, low-unemp neighbors)",0.429429429429429,"Not significant"
"303",0.456374425681557,4.98749218261413,"LL (low expo, low-unemp neighbors)",0.742742742742743,"Not significant"
"304",0.202787107094075,3.54295387219636,"LL (low expo, low-unemp neighbors)",0.0790790790790791,"Not significant"
"305",0.295341626768691,2.72027387572728,"LL (low expo, low-unemp neighbors)",0.049049049049049,"LL (low expo, low-unemp neighbors)"
"306",0.309705812458086,3.52989828772856,"LL (low expo, low-unemp neighbors)",0.0730730730730731,"Not significant"
"307",0.144147583538218,1.21518987341772,"LL (low expo, low-unemp neighbors)",0.043043043043043,"LL (low expo, low-unemp neighbors)"
"308",0.152292762817105,2.92960209881941,"LL (low expo, low-unemp neighbors)",0.032032032032032,"LL (low expo, low-unemp neighbors)"
"309",0.185675650538815,2.12765957446809,"LL (low expo, low-unemp neighbors)",0.604604604604605,"Not significant"
"31",1.18699090638479,5.45573446260098,"HH (high expo, high-unemp neighbors)",0.515515515515516,"Not significant"
"310",0.277377583457233,4.25092860090797,"LL (low expo, low-unemp neighbors)",0.0920920920920921,"Not significant"
"311",0.620440972715139,3.1794425087108,"LL (low expo, low-unemp neighbors)",0.017017017017017,"LL (low expo, low-unemp neighbors)"
"312",0.417116176609884,3.89880414288297,"LL (low expo, low-unemp neighbors)",0.973973973973974,"Not significant"
"313",0.454152829532387,0,"LL (low expo, low-unemp neighbors)",0.325325325325325,"Not significant"
"314",0.0764635243833592,7.42403974775463,"LL (low expo, low-unemp neighbors)",0.036036036036036,"LL (low expo, low-unemp neighbors)"
"315",0,0.24906600249066,"LH (low expo, high-unemp neighbors)",0.422422422422422,"Not significant"
"316",0.0528343907712016,5.60485754320411,"LL (low expo, low-unemp neighbors)",0.003003003003003,"LL (low expo, low-unemp neighbors)"
"317",0.37425546406946,2.76736297089805,"LL (low expo, low-unemp neighbors)",0.0880880880880881,"Not significant"
"318",0,0.896860986547085,"LL (low expo, low-unemp neighbors)",0.0970970970970971,"Not significant"
"319",0.133042796292985,3.40447154471545,"LL (low expo, low-unemp neighbors)",0.013013013013013,"LL (low expo, low-unemp neighbors)"
"32",0.388143721959834,6.49785233254322,"LH (low expo, high-unemp neighbors)",0.017017017017017,"LH (low expo, high-unemp neighbors)"
"320",0,6.88816855753647,"LL (low expo, low-unemp neighbors)",0.001001001001001,"LL (low expo, low-unemp neighbors)"
"321",0.0603117709172196,2.61446988219604,"LL (low expo, low-unemp neighbors)",0.0910910910910911,"Not significant"
"322",0.683353478215293,4.22718404508996,"LL (low expo, low-unemp neighbors)",0.636636636636637,"Not significant"
"323",0.419248513966807,3.17467526569171,"LL (low expo, low-unemp neighbors)",0.002002002002002,"LL (low expo, low-unemp neighbors)"
"324",1.01188936926359,2.03149789111171,"HL (high expo, low-unemp neighbors)",0.00800800800800801,"HL (high expo, low-unemp neighbors)"
"325",0.990640455039078,2.36767308414222,"HL (high expo, low-unemp neighbors)",0.00800800800800801,"HL (high expo, low-unemp neighbors)"
"326",0.309436175116015,2.70053249936607,"LL (low expo, low-unemp neighbors)",0.00900900900900901,"LL (low expo, low-unemp neighbors)"
"327",0.263717761412796,3.18589912859783,"LL (low expo, low-unemp neighbors)",0.224224224224224,"Not significant"
"328",0.611152914180938,2.75534441805226,"LL (low expo, low-unemp neighbors)",0.038038038038038,"LL (low expo, low-unemp neighbors)"
"329",1.4968597400756,2.12843590367307,"HL (high expo, low-unemp neighbors)",0.01001001001001,"HL (high expo, low-unemp neighbors)"
"33",1.06752131726008,5.12820512820513,"HH (high expo, high-unemp neighbors)",0.175175175175175,"Not significant"
"330",0.277046238359847,4.46966594512373,"LL (low expo, low-unemp neighbors)",0.437437437437437,"Not significant"
"331",0.662360091053052,1.37278106508876,"LL (low expo, low-unemp neighbors)",0.0660660660660661,"Not significant"
"332",1.0546207291163,2.35324630414109,"HL (high expo, low-unemp neighbors)",0.003003003003003,"HL (high expo, low-unemp neighbors)"
"333",1.25414256808752,3.73967333039036,"HL (high expo, low-unemp neighbors)",0.011011011011011,"HL (high expo, low-unemp neighbors)"
"334",0.803731325555711,1.41135263212115,"HL (high expo, low-unemp neighbors)",0.021021021021021,"HL (high expo, low-unemp neighbors)"
"335",0.566194638712922,8.79497430039977,"LL (low expo, low-unemp neighbors)",0.003003003003003,"LL (low expo, low-unemp neighbors)"
"336",1.15463500651753,2.73662764598225,"HL (high expo, low-unemp neighbors)",0.01001001001001,"HL (high expo, low-unemp neighbors)"
"337",0.589978216432159,2.90227953581333,"LL (low expo, low-unemp neighbors)",0.01001001001001,"LL (low expo, low-unemp neighbors)"
"338",0.679252188906442,1.17501546072975,"LL (low expo, low-unemp neighbors)",0.00600600600600601,"LL (low expo, low-unemp neighbors)"
"339",1.79283328277861,2.1505376344086,"HL (high expo, low-unemp neighbors)",0.662662662662663,"Not significant"
"34",0.668879131762648,5.85466651360349,"LH (low expo, high-unemp neighbors)",0.047047047047047,"LH (low expo, high-unemp neighbors)"
"340",0.162133167543667,7.38922225223474,"LH (low expo, high-unemp neighbors)",0.189189189189189,"Not significant"
"341",0.125386144572736,4.84679298369016,"LL (low expo, low-unemp neighbors)",0.4004004004004,"Not significant"
"342",0.367571903495258,3.29171301213485,"LH (low expo, high-unemp neighbors)",0.0830830830830831,"Not significant"
"343",0.654291942063264,3.40814642909461,"LL (low expo, low-unemp neighbors)",0.321321321321321,"Not significant"
"344",0.855056033638724,3.6449787619033,"HL (high expo, low-unemp neighbors)",0.926926926926927,"Not significant"
"345",0.620509339391612,3.25001150853934,"LL (low expo, low-unemp neighbors)",0.343343343343343,"Not significant"
"346",0.336172051971979,6.28138585077788,"LH (low expo, high-unemp neighbors)",0.161161161161161,"Not significant"
"347",0.403022492292957,6.25662141229311,"LH (low expo, high-unemp neighbors)",0.048048048048048,"LH (low expo, high-unemp neighbors)"
"348",0.195064832010207,5.35784781965876,"LH (low expo, high-unemp neighbors)",0.137137137137137,"Not significant"
"349",0.222480147783464,5.3198617576527,"LH (low expo, high-unemp neighbors)",0.021021021021021,"LH (low expo, high-unemp neighbors)"
"35",1.50313886214962,4.50833061091147,"HH (high expo, high-unemp neighbors)",0.858858858858859,"Not significant"
"350",0.289737055851527,4.94742919123178,"LH (low expo, high-unemp neighbors)",0.109109109109109,"Not significant"
"351",0.110946665069882,4.86402103360447,"LH (low expo, high-unemp neighbors)",0.457457457457457,"Not significant"
"352",0.655165523381255,4.74260997418406,"LH (low expo, high-unemp neighbors)",0.434434434434434,"Not significant"
"353",0.352802077952311,6.08466620505503,"LH (low expo, high-unemp neighbors)",0.174174174174174,"Not significant"
"354",0.113985514327711,6.52717391304348,"LL (low expo, low-unemp neighbors)",0.663663663663664,"Not significant"
"355",0.0482239066593017,7.31170973062122,"LH (low expo, high-unemp neighbors)",0.417417417417417,"Not significant"
"356",0.0776771580997858,5.01769057574783,"LH (low expo, high-unemp neighbors)",0.576576576576577,"Not significant"
"357",2.7131546605509,2.45787270580659,"HL (high expo, low-unemp neighbors)",0.527527527527528,"Not significant"
"358",0.443092266060758,4.70691198653935,"LH (low expo, high-unemp neighbors)",0.431431431431431,"Not significant"
"359",0.68450996019702,5.03526729725946,"LH (low expo, high-unemp neighbors)",0.385385385385385,"Not significant"
"36",1.13031521917952,5.22246117084827,"HH (high expo, high-unemp neighbors)",0.483483483483483,"Not significant"
"360",0.123621196734028,6.88333906045783,"LH (low expo, high-unemp neighbors)",0.246246246246246,"Not significant"
"361",0.904287449093771,6.27056370549308,"HH (high expo, high-unemp neighbors)",0.379379379379379,"Not significant"
"362",0.570793286065222,5.01692097607315,"LH (low expo, high-unemp neighbors)",0.324324324324324,"Not significant"
"363",1.0796337343295,5.38577753408037,"HH (high expo, high-unemp neighbors)",0.558558558558559,"Not significant"
"364",0.796324650634459,5.79121158242316,"HH (high expo, high-unemp neighbors)",0.419419419419419,"Not significant"
"365",0.521151022095993,4.92225663033495,"LH (low expo, high-unemp neighbors)",0.986986986986987,"Not significant"
"366",0.285370097909137,5.57514609823129,"LH (low expo, high-unemp neighbors)",0.0690690690690691,"Not significant"
"367",0.446232238882089,5.20755881651492,"LH (low expo, high-unemp neighbors)",0.707707707707708,"Not significant"
"368",0.664110935191912,4.80215008579333,"LH (low expo, high-unemp neighbors)",0.438438438438438,"Not significant"
"369",0.840347798706423,4.96103896103896,"HL (high expo, low-unemp neighbors)",0.35035035035035,"Not significant"
"37",1.45964532676818,7.41862642507022,"HH (high expo, high-unemp neighbors)",0.498498498498498,"Not significant"
"370",1.63126703398311,4.56508109857218,"HH (high expo, high-unemp neighbors)",0.651651651651652,"Not significant"
"371",1.5608815942937,4.07871591908531,"HH (high expo, high-unemp neighbors)",0.5995995995996,"Not significant"
"372",0.507526993938612,4.49352816680073,"LH (low expo, high-unemp neighbors)",0.379379379379379,"Not significant"
"373",0.305080257052056,7.00680889695869,"LL (low expo, low-unemp neighbors)",0.880880880880881,"Not significant"
"374",1.05932705172657,6.40266469282013,"HH (high expo, high-unemp neighbors)",0.188188188188188,"Not significant"
"375",0.734409352679038,6.36193298182927,"LH (low expo, high-unemp neighbors)",0.561561561561562,"Not significant"
"376",0.818875490670825,5.76476217294058,"HH (high expo, high-unemp neighbors)",0.532532532532533,"Not significant"
"377",0.253107162651871,4.96940269556621,"LH (low expo, high-unemp neighbors)",0.356356356356356,"Not significant"
"378",0.616975013286261,3.60423056765557,"LH (low expo, high-unemp neighbors)",0.458458458458458,"Not significant"
"379",0.373706622009402,4.66493185343143,"LH (low expo, high-unemp neighbors)",0.205205205205205,"Not significant"
"38",1.0165521456027,5.47242858637648,"HH (high expo, high-unemp neighbors)",0.536536536536537,"Not significant"
"380",0.268406814782993,3.89639141022803,"LH (low expo, high-unemp neighbors)",0.181181181181181,"Not significant"
"381",0.362701898596662,4.16793939107128,"LH (low expo, high-unemp neighbors)",0.173173173173173,"Not significant"
"382",0.77716838115189,4.80785391059088,"HH (high expo, high-unemp neighbors)",0.722722722722723,"Not significant"
"383",0.975440577294467,6.23570498610085,"HH (high expo, high-unemp neighbors)",0.322322322322322,"Not significant"
"384",1.24107810816214,6.49430653280842,"HH (high expo, high-unemp neighbors)",0.143143143143143,"Not significant"
"385",1.41144629023653,4.82399227232589,"HL (high expo, low-unemp neighbors)",0.956956956956957,"Not significant"
"386",0.0841869694584571,3.38684847151968,"LH (low expo, high-unemp neighbors)",0.042042042042042,"LH (low expo, high-unemp neighbors)"
"387",0.5723610246405,2.81899109792285,"LL (low expo, low-unemp neighbors)",0.00700700700700701,"LL (low expo, low-unemp neighbors)"
"388",0.208085513907151,1.75941080196399,"LL (low expo, low-unemp neighbors)",0.017017017017017,"LL (low expo, low-unemp neighbors)"
"389",0.128666259608568,3.00031665611146,"LL (low expo, low-unemp neighbors)",0.013013013013013,"LL (low expo, low-unemp neighbors)"
"39",0.392872878077003,5.37134390049929,"LH (low expo, high-unemp neighbors)",0.01001001001001,"LH (low expo, high-unemp neighbors)"
"390",0.223362819568991,2.48993353708825,"LL (low expo, low-unemp neighbors)",0.694694694694695,"Not significant"
"391",0.675449997744519,1.99710264900662,"LL (low expo, low-unemp neighbors)",0.0750750750750751,"Not significant"
"392",0.694404342390945,1.13800578034682,"LL (low expo, low-unemp neighbors)",0.017017017017017,"LL (low expo, low-unemp neighbors)"
"393",0.776515939164267,3.05909305302877,"HL (high expo, low-unemp neighbors)",0.329329329329329,"Not significant"
"394",0.12623057508506,4.00743099787686,"LL (low expo, low-unemp neighbors)",0.00800800800800801,"LL (low expo, low-unemp neighbors)"
"395",0.117504104168398,12.3853948849928,"LH (low expo, high-unemp neighbors)",0.511511511511512,"Not significant"
"396",1.63370934660004,3.74359256148394,"HH (high expo, high-unemp neighbors)",0.697697697697698,"Not significant"
"397",1.19114276939044,4.71530846619834,"HL (high expo, low-unemp neighbors)",0.661661661661662,"Not significant"
"398",0.702352095395852,5.63884925962758,"LH (low expo, high-unemp neighbors)",0.822822822822823,"Not significant"
"399",0.341440692412793,4.93194789989756,"LH (low expo, high-unemp neighbors)",0.658658658658659,"Not significant"
"4",1.2281523550109,6.26131100716388,"HH (high expo, high-unemp neighbors)",0.145145145145145,"Not significant"
"40",0.590465842914185,4.898905685796,"LH (low expo, high-unemp neighbors)",0,"LH (low expo, high-unemp neighbors)"
"400",0.512669344795217,5.6209264052316,"LH (low expo, high-unemp neighbors)",0.616616616616617,"Not significant"
"401",1.23649269011243,3.91450237247047,"HH (high expo, high-unemp neighbors)",0.520520520520521,"Not significant"
"402",0.882329956384971,5.07488971268062,"HL (high expo, low-unemp neighbors)",0.774774774774775,"Not significant"
"403",1.20256542664918,4.35681610247027,"HH (high expo, high-unemp neighbors)",0.952952952952953,"Not significant"
"404",0.860437331934926,5.45790092921042,"HH (high expo, high-unemp neighbors)",0.483483483483483,"Not significant"
"405",0.997336211207833,5.68953937200087,"HH (high expo, high-unemp neighbors)",0.982982982982983,"Not significant"
"406",0.425456324680057,4.06294559701972,"LL (low expo, low-unemp neighbors)",0.900900900900901,"Not significant"
"407",1.49010949288963,4.51781588228141,"HH (high expo, high-unemp neighbors)",0.741741741741742,"Not significant"
"408",0.701951322215826,4.76998610209027,"LH (low expo, high-unemp neighbors)",0.642642642642643,"Not significant"
"409",1.55435300522454,3.51756611182542,"HH (high expo, high-unemp neighbors)",0.982982982982983,"Not significant"
"41",0.619794738021106,7.95789370728546,"LH (low expo, high-unemp neighbors)",0.02002002002002,"LH (low expo, high-unemp neighbors)"
"410",0.801174924373187,5.14232165866229,"HH (high expo, high-unemp neighbors)",0.711711711711712,"Not significant"
"411",0.634284843002895,5.58403315519686,"LH (low expo, high-unemp neighbors)",0.597597597597598,"Not significant"
"412",0.620752532953353,4.15721136975085,"LL (low expo, low-unemp neighbors)",0.812812812812813,"Not significant"
"413",0.804596589397173,4.01712553261226,"HH (high expo, high-unemp neighbors)",0.716716716716717,"Not significant"
"414",0.391866640748156,4.60844882284188,"LL (low expo, low-unemp neighbors)",0.473473473473473,"Not significant"
"415",0.368138267746996,4.6785555657566,"LH (low expo, high-unemp neighbors)",0.711711711711712,"Not significant"
"416",0.632117911548992,4.3799363395889,"LH (low expo, high-unemp neighbors)",0.66966966966967,"Not significant"
"417",1.06509959148951,5.08150103154099,"HL (high expo, low-unemp neighbors)",0.841841841841842,"Not significant"
"418",0.716723212913069,5.16002574681267,"LH (low expo, high-unemp neighbors)",0.744744744744745,"Not significant"
"419",0.332098717549332,4.65794247214304,"LL (low expo, low-unemp neighbors)",0.291291291291291,"Not significant"
"42",0.406182259740581,6.73253726412429,"LH (low expo, high-unemp neighbors)",0,"LH (low expo, high-unemp neighbors)"
"420",0.120137308355749,4.96289668964791,"LL (low expo, low-unemp neighbors)",0.975975975975976,"Not significant"
"421",0.859342978183589,5.65524625267666,"HH (high expo, high-unemp neighbors)",0.556556556556557,"Not significant"
"422",0.486501496143047,4.76212766621417,"LH (low expo, high-unemp neighbors)",0.897897897897898,"Not significant"
"423",0.450654375432783,4.45416508824174,"LL (low expo, low-unemp neighbors)",0.873873873873874,"Not significant"
"424",0.948631630665629,2.89832285115304,"HL (high expo, low-unemp neighbors)",0.121121121121121,"Not significant"
"425",1.01359464825639,5.21830065359477,"HH (high expo, high-unemp neighbors)",0.885885885885886,"Not significant"
"426",0.682826274529467,6.5940476614887,"LH (low expo, high-unemp neighbors)",0.0600600600600601,"Not significant"
"427",0.629022057846843,4.9996780099173,"LH (low expo, high-unemp neighbors)",0.0590590590590591,"Not significant"
"428",0.689425941084282,5.58717356662005,"LH (low expo, high-unemp neighbors)",0.202202202202202,"Not significant"
"429",0.718743377135695,5.72871533795494,"LH (low expo, high-unemp neighbors)",0.025025025025025,"LH (low expo, high-unemp neighbors)"
"43",0.244586334966745,5.99387819275334,"LH (low expo, high-unemp neighbors)",0.002002002002002,"LH (low expo, high-unemp neighbors)"
"430",0.52685759324012,4.99291239098949,"LH (low expo, high-unemp neighbors)",0.304304304304304,"Not significant"
"431",0.375625083522513,2.322206095791,"LH (low expo, high-unemp neighbors)",0.308308308308308,"Not significant"
"432",1.27102473421497,6.22542595019659,"HL (high expo, low-unemp neighbors)",0.555555555555556,"Not significant"
"433",0.503364436447661,4.392608300515,"LH (low expo, high-unemp neighbors)",0.801801801801802,"Not significant"
"434",0.880715788570459,5.28025562508321,"HH (high expo, high-unemp neighbors)",0.747747747747748,"Not significant"
"435",0.561164255127943,6.02398530527719,"LH (low expo, high-unemp neighbors)",0.0620620620620621,"Not significant"
"436",1.60282488163264,4.43335290663535,"HH (high expo, high-unemp neighbors)",0.323323323323323,"Not significant"
"437",0.661270220086335,6.86485666616108,"LH (low expo, high-unemp neighbors)",0.232232232232232,"Not significant"
"438",0.736060404234507,5.14670971417719,"LH (low expo, high-unemp neighbors)",0.268268268268268,"Not significant"
"439",0.721232095573502,5.17042172154824,"LH (low expo, high-unemp neighbors)",0.77977977977978,"Not significant"
"44",0.498686468103813,5.92850049652433,"LH (low expo, high-unemp neighbors)",0.00800800800800801,"LH (low expo, high-unemp neighbors)"
"440",0.781709814289327,3.79810398352793,"HH (high expo, high-unemp neighbors)",0.782782782782783,"Not significant"
"441",0.464750822046377,4.96002752858892,"LH (low expo, high-unemp neighbors)",0.228228228228228,"Not significant"
"442",0.720938345190782,5.02107732671939,"LH (low expo, high-unemp neighbors)",0.780780780780781,"Not significant"
"443",0.896660607759368,5.29451826562765,"HH (high expo, high-unemp neighbors)",0.375375375375375,"Not significant"
"444",1.07493131417808,4.54761915358562,"HH (high expo, high-unemp neighbors)",0.361361361361361,"Not significant"
"445",1.768971280838,5.22029584857643,"HH (high expo, high-unemp neighbors)",0.461461461461461,"Not significant"
"446",0.899316640555214,3.90460567042219,"HH (high expo, high-unemp neighbors)",0.991991991991992,"Not significant"
"447",0.63438066991066,5.69281283530815,"LH (low expo, high-unemp neighbors)",0.183183183183183,"Not significant"
"448",0.917674979111818,4.45059971722709,"HH (high expo, high-unemp neighbors)",0.86986986986987,"Not significant"
"449",0.576016364187429,4.67709995049233,"LH (low expo, high-unemp neighbors)",0.443443443443443,"Not significant"
"45",0.805404109274583,8.7873118836304,"HH (high expo, high-unemp neighbors)",0.025025025025025,"HH (high expo, high-unemp neighbors)"
"450",0.637314298020755,5.80603895417483,"LH (low expo, high-unemp neighbors)",0.973973973973974,"Not significant"
"451",0.573683709957827,3.91639349352591,"LH (low expo, high-unemp neighbors)",0.458458458458458,"Not significant"
"452",0.627997413016603,5.54552089291903,"LH (low expo, high-unemp neighbors)",0.593593593593594,"Not significant"
"453",1.17312685363079,1.53387470087482,"HL (high expo, low-unemp neighbors)",0.02002002002002,"HL (high expo, low-unemp neighbors)"
"454",1.43891535964394,2.68229108650612,"HL (high expo, low-unemp neighbors)",0.026026026026026,"HL (high expo, low-unemp neighbors)"
"455",0.875910138078295,2.98750486708435,"HL (high expo, low-unemp neighbors)",0.109109109109109,"Not significant"
"456",0.376100882366628,2.75993988249761,"LL (low expo, low-unemp neighbors)",0.0550550550550551,"Not significant"
"457",0.24550249026369,3.11649163749514,"LH (low expo, high-unemp neighbors)",0.957957957957958,"Not significant"
"458",0.672423808939585,3.52022255510379,"LL (low expo, low-unemp neighbors)",0.005005005005005,"LL (low expo, low-unemp neighbors)"
"459",0,17.6829268292683,"LH (low expo, high-unemp neighbors)",0.792792792792793,"Not significant"
"46",0.247087537494787,8.66881537338847,"LH (low expo, high-unemp neighbors)",0.005005005005005,"LH (low expo, high-unemp neighbors)"
"460",0.139297586894337,2.2311942201445,"LL (low expo, low-unemp neighbors)",0.493493493493493,"Not significant"
"461",0.552882381354351,4.36029833620195,"LH (low expo, high-unemp neighbors)",0.01001001001001,"LH (low expo, high-unemp neighbors)"
"462",0,1.02639296187683,"LL (low expo, low-unemp neighbors)",0.032032032032032,"LL (low expo, low-unemp neighbors)"
"463",0.179657526597249,0.72665429808287,"LH (low expo, high-unemp neighbors)",0,"LH (low expo, high-unemp neighbors)"
"464",0.691490020032878,3.97106207576712,"LH (low expo, high-unemp neighbors)",0.600600600600601,"Not significant"
"465",1.17826031851243,3.53703292367979,"HL (high expo, low-unemp neighbors)",0.501501501501502,"Not significant"
"466",1.22987357851666,4.06894429055094,"HL (high expo, low-unemp neighbors)",0.951951951951952,"Not significant"
"467",0.952392123274467,5.60375994215474,"HH (high expo, high-unemp neighbors)",0.122122122122122,"Not significant"
"468",0.338094636292381,3.77388194682252,"LL (low expo, low-unemp neighbors)",0.577577577577578,"Not significant"
"469",1.26278785752884,6.57906743315996,"HL (high expo, low-unemp neighbors)",0.671671671671672,"Not significant"
"47",0.735292671230826,8.06633671963185,"LH (low expo, high-unemp neighbors)",0.00700700700700701,"LH (low expo, high-unemp neighbors)"
"470",1.19799483154216,4.1966449924974,"HL (high expo, low-unemp neighbors)",0.622622622622623,"Not significant"
"471",0.831445151403667,4.68839250819229,"HH (high expo, high-unemp neighbors)",0.741741741741742,"Not significant"
"472",0.629361829446377,4.76624929214119,"LL (low expo, low-unemp neighbors)",0.740740740740741,"Not significant"
"473",1.56339912235393,4.30223759593557,"HH (high expo, high-unemp neighbors)",0.214214214214214,"Not significant"
"474",1.27554870536417,3.79455509632627,"HL (high expo, low-unemp neighbors)",0.654654654654655,"Not significant"
"475",0.628879629069338,4.69259754174341,"LH (low expo, high-unemp neighbors)",0.33033033033033,"Not significant"
"476",0.241873677648543,4.47986879402368,"LL (low expo, low-unemp neighbors)",0.616616616616617,"Not significant"
"477",0.708078326858663,6.88648486419383,"LH (low expo, high-unemp neighbors)",0.146146146146146,"Not significant"
"478",0.254107461520162,6.91961434823918,"LH (low expo, high-unemp neighbors)",0.104104104104104,"Not significant"
"479",0.566406391105644,3.1669561914943,"LL (low expo, low-unemp neighbors)",0.132132132132132,"Not significant"
"48",0.291416637987752,10.1920427144333,"LH (low expo, high-unemp neighbors)",0.02002002002002,"LH (low expo, high-unemp neighbors)"
"480",0.328225938278635,5.10099087955852,"LH (low expo, high-unemp neighbors)",0.525525525525526,"Not significant"
"481",0.444797881002391,5.97155576966555,"LH (low expo, high-unemp neighbors)",0.924924924924925,"Not significant"
"482",0.355621382893271,4.22853815474835,"LH (low expo, high-unemp neighbors)",0.645645645645646,"Not significant"
"483",0.363042653294236,3.16516828887733,"LL (low expo, low-unemp neighbors)",0.261261261261261,"Not significant"
"484",0.575709501547576,5.48813080866179,"LL (low expo, low-unemp neighbors)",0.776776776776777,"Not significant"
"485",0.293027934682393,4.77423590342111,"LL (low expo, low-unemp neighbors)",0.244244244244244,"Not significant"
"486",0.534397524532657,4.4844431796623,"LL (low expo, low-unemp neighbors)",0.746746746746747,"Not significant"
"487",0.221788851630558,4.94573260976813,"LL (low expo, low-unemp neighbors)",0.052052052052052,"Not significant"
"488",0.730462495183169,4.24460763937001,"LL (low expo, low-unemp neighbors)",0.018018018018018,"LL (low expo, low-unemp neighbors)"
"489",0.204905963765671,5.84963710949826,"LH (low expo, high-unemp neighbors)",0.029029029029029,"LH (low expo, high-unemp neighbors)"
"49",0.277349264418486,8.73243769869757,"LH (low expo, high-unemp neighbors)",0.053053053053053,"Not significant"
"490",1.06560194378108,5.34718522464926,"HH (high expo, high-unemp neighbors)",0.858858858858859,"Not significant"
"491",0.795184746253292,4.27990215961749,"HH (high expo, high-unemp neighbors)",0.463463463463463,"Not significant"
"492",0.301683381370497,2.63408193180928,"LL (low expo, low-unemp neighbors)",0.685685685685686,"Not significant"
"493",0.300390280957646,5.80245883690132,"LH (low expo, high-unemp neighbors)",0.123123123123123,"Not significant"
"494",0.0783666445903329,1.45551455514555,"LL (low expo, low-unemp neighbors)",0.484484484484485,"Not significant"
"495",0.561537008739285,3.20957340600631,"LL (low expo, low-unemp neighbors)",0.271271271271271,"Not significant"
"496",1.34231188143361,2.79435062527387,"HH (high expo, high-unemp neighbors)",0.800800800800801,"Not significant"
"497",1.50591085696948,4.59696955303282,"HH (high expo, high-unemp neighbors)",0.845845845845846,"Not significant"
"498",0.494045643049487,6.12218602168351,"LL (low expo, low-unemp neighbors)",0.038038038038038,"LL (low expo, low-unemp neighbors)"
"499",1.40228374671754,4.97403987158654,"HL (high expo, low-unemp neighbors)",0.418418418418418,"Not significant"
"5",0.534110549826525,4.39763074640578,"LH (low expo, high-unemp neighbors)",0.202202202202202,"Not significant"
"50",0.4786674945854,7.58479899497487,"LH (low expo, high-unemp neighbors)",0.005005005005005,"LH (low expo, high-unemp neighbors)"
"500",0.432100696817935,3.1927023945268,"LH (low expo, high-unemp neighbors)",0.491491491491492,"Not significant"
"501",1.20740843201738,5.08501764517164,"HL (high expo, low-unemp neighbors)",0.18018018018018,"Not significant"
"502",0.25718755701104,7.87261749733633,"LL (low expo, low-unemp neighbors)",0.143143143143143,"Not significant"
"503",0.8501941978625,3.5090206642328,"HH (high expo, high-unemp neighbors)",0.590590590590591,"Not significant"
"504",0.591057966482381,2.50285341594652,"LH (low expo, high-unemp neighbors)",0.4994994994995,"Not significant"
"505",0.754835329708499,3.19696069056418,"HH (high expo, high-unemp neighbors)",0.528528528528528,"Not significant"
"506",1.33838451232771,4.78731074260995,"HL (high expo, low-unemp neighbors)",0.0910910910910911,"Not significant"
"507",0.81614928126999,4.36419021831105,"HH (high expo, high-unemp neighbors)",0.132132132132132,"Not significant"
"508",0.56099792840213,4.60875253174034,"LH (low expo, high-unemp neighbors)",0.585585585585586,"Not significant"
"509",0.432737609239144,8.01753836517382,"LL (low expo, low-unemp neighbors)",0.259259259259259,"Not significant"
"51",0.679705705761546,4.67969857285191,"LH (low expo, high-unemp neighbors)",0.013013013013013,"LH (low expo, high-unemp neighbors)"
"510",0.589410838997136,0.955414012738854,"LL (low expo, low-unemp neighbors)",0.106106106106106,"Not significant"
"511",1.24673054255351,6.60314967139255,"HH (high expo, high-unemp neighbors)",0.112112112112112,"Not significant"
"512",0.259469664800684,1.23823675086677,"LL (low expo, low-unemp neighbors)",0.0850850850850851,"Not significant"
"513",0,0,"LL (low expo, low-unemp neighbors)",0.346346346346346,"Not significant"
"514",0.0856675217313706,8.03501945525292,"LH (low expo, high-unemp neighbors)",0.147147147147147,"Not significant"
"515",0.402713689527632,4.86449966218752,"LH (low expo, high-unemp neighbors)",0.642642642642643,"Not significant"
"516",0.140394644086323,5.16292157742343,"LH (low expo, high-unemp neighbors)",0.871871871871872,"Not significant"
"517",0.506776688823788,3.3646493637946,"LL (low expo, low-unemp neighbors)",0.886886886886887,"Not significant"
"518",0.289439583389369,3.65060493740821,"LH (low expo, high-unemp neighbors)",0.366366366366366,"Not significant"
"519",0.113289822882165,7.75937227550131,"LH (low expo, high-unemp neighbors)",0.297297297297297,"Not significant"
"52",0.441631518999196,5.92106006859427,"LH (low expo, high-unemp neighbors)",0.01001001001001,"LH (low expo, high-unemp neighbors)"
"520",0.340651438880411,6.66892923807908,"LL (low expo, low-unemp neighbors)",0.299299299299299,"Not significant"
"521",0.664244571629312,3.63196620097764,"LL (low expo, low-unemp neighbors)",0.922922922922923,"Not significant"
"522",1.50935952815195,3.85638941307398,"HH (high expo, high-unemp neighbors)",0.688688688688689,"Not significant"
"523",0.271380566520639,3.94849342531989,"LL (low expo, low-unemp neighbors)",0.197197197197197,"Not significant"
"524",0.573366657717843,2.3950910530483,"LH (low expo, high-unemp neighbors)",0.718718718718719,"Not significant"
"525",0.285554923257105,4.58243633956875,"LH (low expo, high-unemp neighbors)",0.752752752752753,"Not significant"
"526",0.832106746005908,4.18698333449984,"HL (high expo, low-unemp neighbors)",0.245245245245245,"Not significant"
"527",1.02067448879196,4.12453353489784,"HL (high expo, low-unemp neighbors)",0.536536536536537,"Not significant"
"528",0.794366294175074,3.68360291368636,"HL (high expo, low-unemp neighbors)",0.373373373373373,"Not significant"
"529",0.366950240353367,5.03978779840849,"LH (low expo, high-unemp neighbors)",0.11011011011011,"Not significant"
"53",0.657767684398811,5.67180313041176,"LH (low expo, high-unemp neighbors)",0.017017017017017,"LH (low expo, high-unemp neighbors)"
"530",0.717880781516287,3.66985182107741,"LH (low expo, high-unemp neighbors)",0.91991991991992,"Not significant"
"531",0.0731250774545098,4.4482099288416,"LL (low expo, low-unemp neighbors)",0.825825825825826,"Not significant"
"532",0.382801239737719,3.85543242189675,"LL (low expo, low-unemp neighbors)",0.765765765765766,"Not significant"
"533",0.458855424109065,3.08233109764366,"LL (low expo, low-unemp neighbors)",0.598598598598599,"Not significant"
"534",0.201330212777535,7.52213975834499,"LH (low expo, high-unemp neighbors)",0.001001001001001,"LH (low expo, high-unemp neighbors)"
"535",0.715725278232076,5.8439649597272,"LL (low expo, low-unemp neighbors)",0.991991991991992,"Not significant"
"536",0.859864694605807,4.81129108622102,"HH (high expo, high-unemp neighbors)",0.587587587587588,"Not significant"
"537",1.5047050184771,3.6524974953485,"HL (high expo, low-unemp neighbors)",0.73973973973974,"Not significant"
"538",1.10292327919478,2.63237336231359,"HL (high expo, low-unemp neighbors)",0.184184184184184,"Not significant"
"539",0.890121821366418,5.97317725632417,"HH (high expo, high-unemp neighbors)",0.36036036036036,"Not significant"
"54",0.29120954935668,4.30941689323917,"LL (low expo, low-unemp neighbors)",0.934934934934935,"Not significant"
"540",0.386544757729577,3.99768250289687,"LH (low expo, high-unemp neighbors)",0.166166166166166,"Not significant"
"541",0.308512291474602,6.39468563376501,"LH (low expo, high-unemp neighbors)",0.658658658658659,"Not significant"
"542",0.500185194896659,4.6269660310087,"LH (low expo, high-unemp neighbors)",0.172172172172172,"Not significant"
"543",1.17657786133016,6.76479292025422,"HH (high expo, high-unemp neighbors)",0.58958958958959,"Not significant"
"544",0.326083378607736,3.04463153038865,"LH (low expo, high-unemp neighbors)",1,"Not significant"
"545",0.668402636696694,8.17646813306065,"LH (low expo, high-unemp neighbors)",0.247247247247247,"Not significant"
"546",0.369160819162768,5.46241773467267,"LH (low expo, high-unemp neighbors)",0.025025025025025,"LH (low expo, high-unemp neighbors)"
"547",0.240879836282513,5.68740972851233,"LH (low expo, high-unemp neighbors)",0.018018018018018,"LH (low expo, high-unemp neighbors)"
"548",0.217729317571798,5.8952675231745,"LH (low expo, high-unemp neighbors)",0.0720720720720721,"Not significant"
"549",0.675509192306401,8.84458909682669,"LH (low expo, high-unemp neighbors)",0.0540540540540541,"Not significant"
"55",0.530961088002395,5.20988658442908,"LH (low expo, high-unemp neighbors)",0.323323323323323,"Not significant"
"550",1.37951372620051,3.39013804069121,"HL (high expo, low-unemp neighbors)",0.032032032032032,"HL (high expo, low-unemp neighbors)"
"551",1.30796443470378,3.75062891643416,"HL (high expo, low-unemp neighbors)",0.462462462462462,"Not significant"
"552",1.38838166629461,3.82442587629408,"HL (high expo, low-unemp neighbors)",0.224224224224224,"Not significant"
"553",1.16732999391338,2.83203946077744,"HL (high expo, low-unemp neighbors)",0.0630630630630631,"Not significant"
"554",1.39718612723211,2.91110712325297,"HL (high expo, low-unemp neighbors)",0.034034034034034,"HL (high expo, low-unemp neighbors)"
"555",0.707859377832863,2.5760766651034,"LL (low expo, low-unemp neighbors)",0.153153153153153,"Not significant"
"556",0.581624243957815,3.00487443697168,"LL (low expo, low-unemp neighbors)",0.46946946946947,"Not significant"
"557",0.912600575617226,3.74312334852071,"HL (high expo, low-unemp neighbors)",0.366366366366366,"Not significant"
"558",2.05802482336956,2.25798981009727,"HL (high expo, low-unemp neighbors)",0.145145145145145,"Not significant"
"559",0.438134166284944,2.91650217133833,"LL (low expo, low-unemp neighbors)",0.211211211211211,"Not significant"
"56",0.185470713347349,5.53789694277607,"LH (low expo, high-unemp neighbors)",0.0630630630630631,"Not significant"
"560",0.147749685802543,2.89266525053105,"LL (low expo, low-unemp neighbors)",0.375375375375375,"Not significant"
"561",0.599734642683382,5.81920903954802,"LL (low expo, low-unemp neighbors)",0.229229229229229,"Not significant"
"562",0.31776019636058,3.70578552214237,"LL (low expo, low-unemp neighbors)",0.572572572572573,"Not significant"
"563",0.371221984544022,6.46978900255754,"LL (low expo, low-unemp neighbors)",0.32032032032032,"Not significant"
"564",0.443070112722689,3.41247815808408,"LL (low expo, low-unemp neighbors)",0.365365365365365,"Not significant"
"57",0.372536350564866,3.84294068504595,"LL (low expo, low-unemp neighbors)",0.457457457457457,"Not significant"
"58",0.190737740110263,5.20303250597154,"LL (low expo, low-unemp neighbors)",0.667667667667668,"Not significant"
"59",0.774557914441202,2.6145251396648,"HL (high expo, low-unemp neighbors)",0.0630630630630631,"Not significant"
"6",1.39472649327455,6.14173228346457,"HH (high expo, high-unemp neighbors)",0.725725725725726,"Not significant"
"60",0.270118137941239,4.96886195177771,"LH (low expo, high-unemp neighbors)",0.865865865865866,"Not significant"
"61",0.310780495710341,4.67094513787121,"LH (low expo, high-unemp neighbors)",0.555555555555556,"Not significant"
"62",0.0689704054597522,3.48889808567771,"LH (low expo, high-unemp neighbors)",0.778778778778779,"Not significant"
"63",0.228071973984507,4.44348041646009,"LL (low expo, low-unemp neighbors)",0.277277277277277,"Not significant"
"64",0.114969420867622,3.57683067888602,"LH (low expo, high-unemp neighbors)",0.765765765765766,"Not significant"
"65",0.161513743158018,7.14611351720994,"LL (low expo, low-unemp neighbors)",0.606606606606607,"Not significant"
"66",0.690203679800072,4.60221218165424,"LL (low expo, low-unemp neighbors)",0.557557557557558,"Not significant"
"67",0.454341325403184,4.72325839298316,"LL (low expo, low-unemp neighbors)",0.017017017017017,"LL (low expo, low-unemp neighbors)"
"68",0.112009204674829,3.11719660396204,"LH (low expo, high-unemp neighbors)",0.892892892892893,"Not significant"
"69",0.674001143338367,2.81002638522427,"LL (low expo, low-unemp neighbors)",0.125125125125125,"Not significant"
"7",0.843175649525234,4.77169212126277,"HH (high expo, high-unemp neighbors)",0.201201201201201,"Not significant"
"70",0.568139833894145,5.62204471306269,"LH (low expo, high-unemp neighbors)",0.253253253253253,"Not significant"
"71",0.574264290407842,5.22486944999452,"LH (low expo, high-unemp neighbors)",0.7997997997998,"Not significant"
"72",0.34064137240862,5.94357841930321,"LH (low expo, high-unemp neighbors)",0.352352352352352,"Not significant"
"73",0.05946614128618,4.8858876148764,"LL (low expo, low-unemp neighbors)",0.453453453453453,"Not significant"
"74",0.230775327712481,4.25243770314193,"LH (low expo, high-unemp neighbors)",0.600600600600601,"Not significant"
"75",0.292112211034102,4.3155497068609,"LH (low expo, high-unemp neighbors)",0.861861861861862,"Not significant"
"76",0.255934906368772,3.78211818498087,"LH (low expo, high-unemp neighbors)",0.269269269269269,"Not significant"
"77",0.37371777561172,5.26288399475485,"LL (low expo, low-unemp neighbors)",0.908908908908909,"Not significant"
"78",0.223184241010297,4.85193796875827,"LH (low expo, high-unemp neighbors)",0.950950950950951,"Not significant"
"79",0.284651405431978,4.66712291905475,"LL (low expo, low-unemp neighbors)",0.852852852852853,"Not significant"
"8",1.5629250544068,4.81024600492398,"HL (high expo, low-unemp neighbors)",0.907907907907908,"Not significant"
"80",0.24677341871056,5.20521551603517,"LL (low expo, low-unemp neighbors)",0.838838838838839,"Not significant"
"81",0.217931809658717,4.13948448078401,"LH (low expo, high-unemp neighbors)",0.784784784784785,"Not significant"
"82",0.752309991554635,5.72116008010489,"HH (high expo, high-unemp neighbors)",0.880880880880881,"Not significant"
"83",0.189984076729384,4.43744794845878,"LH (low expo, high-unemp neighbors)",0.342342342342342,"Not significant"
"84",0.331671650061949,3.93589870538894,"LH (low expo, high-unemp neighbors)",0.727727727727728,"Not significant"
"85",0.276875234657064,6.93268843208384,"LL (low expo, low-unemp neighbors)",0.966966966966967,"Not significant"
"86",0.259863549693416,5.38264631986653,"LH (low expo, high-unemp neighbors)",0.129129129129129,"Not significant"
"87",0.415770122493028,4.58379954991765,"LH (low expo, high-unemp neighbors)",0.833833833833834,"Not significant"
"88",0.310407527879755,4.64750180736181,"LH (low expo, high-unemp neighbors)",0.841841841841842,"Not significant"
"89",1.58947560981015,4.22803803979625,"HH (high expo, high-unemp neighbors)",0.344344344344344,"Not significant"
"9",0.963519492434292,5.95993642133267,"HH (high expo, high-unemp neighbors)",0.104104104104104,"Not significant"
"90",0.777869295421802,7.13261611775263,"HH (high expo, high-unemp neighbors)",0.353353353353353,"Not significant"
"91",0.611373966379155,4.73469923824534,"LH (low expo, high-unemp neighbors)",0.416416416416416,"Not significant"
"92",0.67858406114085,3.93176721760125,"LL (low expo, low-unemp neighbors)",0.796796796796797,"Not significant"
"93",1.63270045588355,4.72646656089026,"HH (high expo, high-unemp neighbors)",0.710710710710711,"Not significant"
"94",0.780765652353271,5.58248034267098,"HH (high expo, high-unemp neighbors)",0.199199199199199,"Not significant"
"95",0.78250241427215,5.03163670978218,"HH (high expo, high-unemp neighbors)",0.311311311311311,"Not significant"
"96",0.567970738898278,5.61415432014861,"LH (low expo, high-unemp neighbors)",0.332332332332332,"Not significant"
"97",0.389346702849275,4.27390822913009,"LH (low expo, high-unemp neighbors)",0.751751751751752,"Not significant"
"98",0.731594465024928,6.03876927004462,"LH (low expo, high-unemp neighbors)",0.707707707707708,"Not significant"
"99",0.536239762702788,5.84217443304032,"LH (low expo, high-unemp neighbors)",0.580580580580581,"Not significant"
